tenure,monthly_charges,total_charges,contract_type,payment_method,tech_support,online_security,num_services,churn
52,105.56964681062857,3271.805095304177,1,3,0,1,5,0
15,103.02198645669915,6420.56065272336,0,3,0,0,2,1
61,59.71835296184548,1711.8815135683008,1,1,1,0,4,0
21,86.80851365706462,4485.171099488061,2,3,0,0,5,0
24,40.4984295415821,5891.263238634431,1,2,1,1,6,0
3,49.31477302610133,4966.285057055415,0,3,0,0,6,0
22,109.63358185211197,1585.3954034617875,0,3,1,1,2,1
53,21.300192351073605,2907.5380926173416,2,3,1,0,5,0
2,28.550853085446807,6291.9550974346375,0,1,0,1,6,0
30,40.788625514602735,4478.389461642932,2,2,0,0,5,0
38,22.65322038738197,141.31394698901062,0,0,0,0,4,0
2,38.14354350897973,6111.827004221941,0,0,0,1,2,0
64,78.30415609696922,378.9597040278887,2,2,1,1,6,0
60,62.1424550592498,5991.296883576734,1,2,1,0,7,0
21,109.26717110769748,1699.5964253053755,0,2,0,1,4,0
33,101.7443561738441,7668.780492943104,1,1,0,0,7,0
58,54.1817351697876,3006.7319352864674,0,0,1,0,7,0
22,45.942343343129245,2682.759769070825,0,2,0,0,1,1
49,57.96924081672669,1276.215597626313,0,1,1,1,1,0
59,79.02949425148077,2514.2733023726973,0,0,0,0,2,0
42,46.80636408228763,7025.541018442785,1,3,1,1,6,0
60,82.4148907849134,7971.041267255254,1,1,1,0,6,0
15,60.941165219124045,3009.6452910041016,0,0,1,1,6,0
62,75.20471808519802,3644.0239845408864,0,1,1,1,5,1
62,63.61265291353167,5804.360411801623,1,0,1,0,4,0
47,49.446575954191765,7100.946665674089,2,0,0,1,6,0
62,114.84533069621567,4785.050240075595,2,3,1,0,4,0
51,96.36057941597608,3193.0530156048517,1,1,0,0,2,0
55,34.011317576645254,3359.7125427041274,0,2,1,0,7,0
64,106.84679758979128,5595.383357324774,0,3,1,0,6,0
3,68.74311982495136,125.42428247380158,2,3,0,0,2,0
51,109.45522268940914,4994.755765932741,2,0,0,1,6,0
7,99.98552559473153,2908.394782486723,1,2,0,0,1,0
21,62.52135044692334,6374.158917088966,2,1,0,1,3,0
39,22.24693083201174,834.626054602744,1,2,1,1,2,0
18,46.867735938494604,4746.797908892285,2,2,0,0,6,0
4,74.16342146608669,3899.6858301003776,2,2,1,1,3,0
60,83.34782198261473,5174.371654651297,2,2,0,0,2,0
14,45.78876854332023,612.3433964154499,0,2,0,1,5,0
9,33.93560740728241,4681.871920682237,0,0,1,1,6,1
53,103.4930236799299,4535.728244880237,0,0,1,1,5,0
2,118.44021807035521,4529.214745887751,2,3,0,0,1,0
60,72.56901823026858,4867.552566111993,1,0,1,1,6,1
71,37.16792858483035,5444.0967040882615,1,3,1,0,7,0
44,47.2307326519369,6459.413097478081,1,3,1,1,1,0
8,21.839067654746675,2231.5836890128935,1,1,1,1,3,0
47,111.4298806560499,6617.89034042249,0,2,1,1,2,0
35,31.775108289014113,4036.2198898812835,0,0,1,1,4,0
36,77.65164755142536,708.7604051612162,2,1,1,0,1,0
50,47.4055220687206,562.5523410274357,2,0,1,0,4,0
4,75.41780025157934,2740.48271769888,1,3,0,1,4,0
2,85.14203883518643,6300.686119180594,0,0,1,1,2,0
6,102.97418037072016,5690.679384453235,1,2,0,0,3,0
54,40.64212717606032,6330.058220912011,2,3,1,0,2,0
4,21.09958286584805,4186.425545888714,2,3,1,0,6,0
54,33.68856300688073,3577.5720838483753,1,1,1,0,1,0
63,110.00186418481051,1264.8749609796432,2,2,1,1,4,1
18,107.38900775625153,2692.722753513561,1,3,0,1,2,0
44,79.74131021703083,3528.7529927736146,0,2,0,0,2,1
34,80.05168604336534,799.9433944689762,1,0,1,0,2,0
62,86.50366745462554,1842.834426418569,0,2,0,0,1,1
14,37.53712786234496,4825.979823103537,0,3,1,0,3,0
48,111.44119459249598,5911.7386024895995,2,1,1,0,7,0
15,61.87705248920731,7986.945340004302,2,3,0,0,2,1
62,58.31385282494975,7471.595317614106,2,2,0,1,1,0
40,71.89177052828376,5176.2650763280135,1,2,1,1,4,1
53,24.696596677505504,3427.859621023169,1,3,1,1,6,0
24,36.62833687560794,5125.801181195038,2,2,0,0,7,1
26,93.80336164263704,6306.647782833833,1,0,1,0,5,0
60,28.279866792512646,1034.8559082947597,2,3,0,0,7,0
41,80.31521094663881,3338.248628600677,1,1,1,1,7,0
29,44.534910968132095,6734.438056521376,0,3,1,0,1,1
15,58.929561404197656,3132.2803202710475,0,0,0,0,5,0
45,48.86937367706999,4617.790942694774,2,0,0,1,2,0
65,55.567271646494916,4743.377950811366,1,0,0,0,2,0
71,91.90459051842456,1557.3623997557509,1,0,1,1,7,0
9,49.7121715623175,2961.6599890530783,0,0,1,1,1,1
1,76.64046402968972,2742.639181061264,0,1,1,0,5,0
8,67.60504021990997,306.95399740331186,2,2,1,1,2,0
63,86.36711653626482,291.1149347417064,0,0,0,0,4,0
11,113.6829739324758,6670.40664503861,2,0,1,1,3,0
8,93.25720972102503,2257.259398785218,0,3,1,0,3,1
35,41.494037859075675,4192.822253286642,0,1,1,1,2,1
35,23.118313506128466,2459.932031351307,1,1,0,0,5,0
33,46.22640442998251,7531.36603641119,0,2,1,1,6,0
5,79.50779307002549,2148.4443950396126,0,1,1,1,2,1
41,25.142581348425036,3494.288820637587,2,3,0,1,6,0
28,69.63662472012363,6994.568978828354,0,3,1,0,6,0
7,79.68428489168892,6751.275177655289,2,2,1,0,5,1
12,53.424389081696084,1570.2012009855907,0,3,0,1,6,0
34,97.09122037458219,6440.882147386113,0,0,1,0,4,1
33,30.65982531337718,3719.676405229352,2,0,1,1,5,0
48,27.513778173580874,3915.4540894743063,1,3,1,0,2,0
23,92.81887562036033,1154.491782085956,2,2,0,1,7,0
62,69.54913162061985,736.7519586812848,2,1,1,0,4,0
37,88.84023964277361,5850.7205250927445,2,2,1,1,1,0
44,63.48273386037462,4022.043103606868,1,1,0,1,3,0
35,44.64020332391068,3551.1205506599185,0,3,0,1,2,1
65,101.91023176741997,5863.115006353934,2,3,1,1,2,0
47,99.94158789689793,6147.551902029767,2,0,1,0,2,0
3,89.46964708544267,1355.3745245878931,1,1,1,1,4,1
1,47.21451372299627,4920.778680873366,2,2,1,0,1,0
5,79.0230666869087,1169.2972499937157,0,3,0,0,7,1
14,56.09738969400268,6035.863179629461,1,2,1,1,5,0
27,29.158207332663416,5289.945734510402,0,0,0,0,1,0
9,111.73135754622427,7657.255506559318,0,1,0,0,4,1
15,33.68186309189614,644.7683292157274,1,1,1,0,2,1
42,115.02373538208025,550.7322970949091,2,3,1,1,3,0
51,64.60057729579557,2329.277890076281,0,1,0,0,2,0
63,38.513292883861965,2167.474901513657,0,3,0,0,5,0
52,74.19009473783582,2051.1325126687984,0,0,1,1,6,0
4,107.29458358764083,7259.41118611619,0,1,0,1,3,1
23,93.22248864095612,2071.414978811098,1,3,1,0,2,1
15,100.65611478614497,2248.402836416185,1,2,1,1,7,1
43,85.87833667107174,6099.246273101913,0,3,0,0,3,1
29,89.22765645178525,3652.944755359266,2,1,0,0,6,1
36,104.91956515653193,6236.013399945931,0,0,1,0,1,1
13,44.966800885918595,616.3926447586434,2,1,0,1,4,0
32,68.94249636431405,3951.812430019736,0,1,1,0,2,1
71,42.120944181960226,365.5474414479328,2,3,1,1,5,0
59,118.7668007996647,594.9603072973007,0,2,1,1,1,1
28,114.40593396866133,7260.855881420846,2,1,0,0,2,1
66,23.942681136850588,1200.0384318290019,0,2,1,1,1,0
42,90.55751725156884,4306.123389974216,0,3,1,1,5,0
45,112.52483174156659,3347.6552605455818,2,2,1,1,2,0
62,38.057534512733355,2844.0122774448573,1,3,1,1,6,0
57,76.79452305526294,7208.683430929453,2,0,1,1,6,0
6,111.54882975880419,272.40483452636704,1,2,1,0,5,1
28,23.394597858579885,5343.938520787154,0,2,1,1,3,1
28,89.742026724684,7710.816030287048,2,0,1,0,5,1
44,49.734900737255074,4525.328649348551,2,2,1,0,3,0
30,112.43961953765304,7500.897450061426,2,0,1,0,2,0
62,117.10582451653677,512.8372463595878,1,1,1,0,3,0
62,114.42664891134339,3408.467220685875,1,3,0,0,2,1
1,67.42142166574638,2155.2465486002043,0,0,1,0,2,0
27,106.20426509893134,5873.485623347766,1,2,1,1,7,1
62,104.45493985350704,7852.247014928249,1,0,1,1,4,0
3,51.91004732432556,2126.587493309558,0,2,0,1,2,0
70,102.89154741506773,5267.979351645188,2,1,1,0,3,0
27,23.700763471549262,1664.9712988019471,2,0,0,1,4,0
9,79.6269878482053,4566.109011115718,0,1,1,1,4,0
62,43.000883728770305,3765.066644837856,2,3,1,1,2,0
37,32.05668857772788,7778.842104089143,1,2,0,0,5,1
51,27.695320162920915,4907.365454302086,0,2,1,1,5,0
44,89.62887758781397,2861.1003394858685,0,1,0,0,6,1
24,53.98749637680661,1001.3567006146736,0,3,0,1,4,0
59,92.47667715287615,1294.849947005983,2,0,1,0,2,0
32,26.535634079894237,1880.0037466147571,0,0,1,0,7,0
52,51.52903378306103,2082.636624588354,0,2,1,0,5,0
62,73.94912923753373,6819.866856944988,0,1,1,1,7,0
58,99.07231648389636,4533.660027431947,2,1,0,1,2,0
52,51.87525029320699,4234.788199857495,1,0,0,0,2,0
12,82.58913764370091,1006.674087766818,0,3,1,1,4,1
39,108.5977748236187,6895.103577460536,1,3,0,0,7,1
2,81.58631881823045,5810.232995347022,2,0,0,0,6,1
3,43.29594747536338,634.5800590100125,2,0,1,1,4,0
56,22.4400781556538,5691.897268115173,2,1,0,1,1,0
59,107.00988739009298,4393.951917006904,2,3,0,1,7,0
2,22.126941085038712,745.6302313995482,1,0,1,0,5,0
2,107.47016726841994,3720.575068076386,0,0,0,0,5,1
54,72.8937134027212,3929.1006683273713,2,2,1,1,5,0
1,113.90676985128962,1409.6188672898784,2,0,0,0,3,1
19,99.87832357736654,7571.01536130223,1,0,1,1,2,0
2,119.79341105333374,6814.805434697229,1,3,0,0,4,0
53,55.071181545171015,5385.2764648999555,2,1,0,1,5,0
44,96.71882889311269,3752.1349319047968,0,3,1,1,1,0
32,60.193091360924214,3352.9477785176173,0,1,1,0,5,1
70,67.98756203039089,5242.6903904925375,2,2,1,1,6,1
32,82.750546321837,4408.911768314553,1,0,1,1,2,0
68,107.36771141863387,591.9575364668964,2,2,0,0,7,0
55,118.40834691992951,4148.77092528562,2,1,0,1,2,0
56,96.82734138645182,6470.588576139432,1,3,0,0,7,1
17,61.77667821673337,3727.9950330159686,2,3,1,1,7,0
38,62.13570022770702,510.45696267872046,2,2,0,0,4,1
24,93.75823015888915,6311.597775133861,2,1,0,1,3,0
69,43.877714576830236,1690.7738788741976,1,2,1,1,7,0
70,31.047411313139467,2143.1045956155062,0,2,1,1,7,0
11,55.462215764077655,1401.1801921151375,0,0,0,1,4,1
16,48.72389916540817,2708.6990124848307,1,2,1,0,5,0
59,49.63081204559901,6078.336894940217,0,0,0,0,6,0
70,43.36077510499099,4203.148290081105,2,0,0,0,1,0
3,24.20931896363619,1718.5620657906293,0,3,1,0,4,1
20,21.787393473341382,7034.857617401122,2,0,0,0,3,1
59,118.77223897360315,7048.6966541170805,0,0,1,0,4,0
36,62.77731337358623,6977.569557863455,1,3,1,0,2,0
19,58.432664715968166,1986.4900699141604,0,2,0,1,5,1
67,87.96472826930699,3664.790819029806,0,1,0,1,5,0
19,41.825388786506416,7881.418283512913,0,1,0,1,7,1
20,114.99611839502253,6198.898562848924,1,1,1,1,5,1
71,98.6345014415552,314.62262768192255,0,2,0,0,5,1
52,28.941100231225953,615.1162709578872,1,0,1,0,5,0
33,61.75807757849284,3765.0578768174287,2,1,1,0,5,0
40,107.91183075621647,7282.839626306325,0,2,0,1,1,0
39,114.47320222914102,4355.744203826443,1,0,1,0,3,0
1,66.74015112498697,4032.7188134708927,1,3,0,1,7,0
11,81.34113892107077,933.2422296573816,0,1,0,0,5,1
57,36.70339460920752,5288.562827321923,2,0,0,0,7,0
50,119.11686261369765,6594.614968741781,1,1,0,0,3,1
23,43.16717013834434,3105.3180593097422,0,1,0,0,6,1
31,114.27317741351257,6227.333622310087,2,1,0,1,5,0
42,84.96466489923685,7719.365565816412,1,0,0,1,7,0
7,80.77367948788591,1709.755027108744,1,2,1,0,4,0
16,71.26885110165085,4234.304086438457,2,0,0,1,7,1
60,43.06698117177587,2368.3898688681466,2,1,1,0,5,0
2,37.65280320055083,6363.549910367331,0,0,1,0,2,0
1,42.048620907017536,4662.9875904611445,0,3,1,0,1,1
48,38.64382621442545,5113.2010986474,1,2,0,0,4,0
12,97.95844735667534,6403.521860965563,2,0,1,1,4,0
69,55.01252591667301,3228.166734033394,2,3,1,0,2,0
37,25.784267656339637,7329.211540415641,2,2,0,0,5,0
32,116.91026301408114,4310.928051244506,1,3,0,1,1,0
9,108.37858849634257,1347.8431003992494,2,2,1,0,4,1
19,112.77522831952129,5597.603033533539,2,0,0,1,1,0
48,119.49078226464353,6366.76466846221,1,3,0,0,4,0
3,37.38952492194873,2602.4172488334607,0,1,0,0,5,1
20,59.62420189026587,6871.716130290149,0,3,0,0,6,0
24,95.82384757040913,7258.531712649555,1,2,1,0,4,0
54,89.60206180537922,2287.5454502846906,2,0,0,0,6,0
33,35.389590633985506,7869.819634450254,1,2,0,0,4,0
24,101.58331249906178,1211.6210715851914,0,3,0,1,3,0
36,42.44405718366607,1695.9237803796707,0,3,1,0,5,0
38,42.381761482262306,1555.3762299804064,1,1,1,1,2,0
25,73.69744228934135,7162.518709062177,1,0,0,1,6,1
18,79.29399348417031,5268.911163367199,0,0,0,0,2,0
66,78.00862078378111,1301.6238374559557,1,3,1,1,5,0
54,29.148683739775485,3578.555005109957,0,0,0,0,7,0
35,107.74608626303804,4960.854398051436,1,1,0,1,2,1
61,46.560004258870606,759.366271416128,1,2,1,0,5,0
41,32.95149212828042,7071.089310417976,1,0,0,1,2,0
33,108.87480798689772,6448.467929988128,0,3,0,1,6,1
68,115.56514982297534,4091.133511255442,1,2,1,0,3,0
33,106.21276172654507,7740.300260547447,0,2,1,1,2,1
14,100.95160747248781,3400.311736273288,0,1,0,0,6,0
21,85.52419806390218,7874.4715203883325,1,3,1,0,4,0
48,75.08573706091393,5376.567990548654,1,0,0,0,5,0
20,28.698675991141013,5113.903058706138,0,3,0,0,1,1
8,60.845321307069874,1411.0436728367015,0,2,0,0,7,0
7,57.2688517012314,7067.229290606688,2,3,1,1,1,0
67,45.97537837603262,3477.1685345728597,0,0,1,1,5,0
17,92.3420113688585,1381.6439056815868,2,0,0,1,3,1
33,69.58757350787708,199.5994078084964,2,1,0,0,2,0
48,28.104621590764793,4522.069900743222,2,0,1,1,3,0
59,42.018320194981136,4266.457014769143,1,0,1,1,1,0
22,88.32587636595959,5782.893616716353,1,3,1,1,7,0
30,27.61308594903002,7133.038618840637,0,3,0,1,6,0
38,105.12069140487687,727.3120186799332,2,2,1,1,7,0
51,69.51465270139744,5878.822273688863,1,1,1,0,5,0
54,68.0586577326648,1580.5543583708995,1,3,0,0,5,0
8,79.24077846595176,6879.598719941595,1,0,0,1,3,1
27,102.46809659251491,6570.601759507083,1,2,0,0,6,0
27,54.780920790219305,4372.270664385801,1,3,1,0,3,0
21,87.80161525590636,5710.918109124161,2,1,0,1,2,0
30,76.5731963995791,2583.3658941516123,2,1,0,1,4,0
28,46.70282701694213,3822.226401569236,2,2,0,0,6,0
64,107.8629986355158,6590.931491912726,2,2,0,1,4,0
69,99.74260216069281,3728.19505766839,0,2,1,0,7,0
61,85.84518346584255,2926.60629607099,2,2,0,0,2,0
48,105.05817290942419,4004.2783332773693,1,2,1,1,4,0
19,106.72942009598023,6643.169094254025,2,0,1,0,1,0
4,90.83629767150347,2748.1435742298945,0,0,1,0,7,0
35,103.7013328363672,1472.716585772376,1,3,0,0,4,1
64,89.74714616692836,5724.910760613168,2,1,1,1,2,0
49,88.01407717603004,6625.227880393846,2,0,0,1,4,1
17,81.86113782151843,895.0360803359133,2,0,0,1,5,0
44,95.27166395576413,1995.0054907719634,1,0,0,1,3,1
30,35.86051052930737,1221.5787191118518,1,3,1,0,1,0
46,108.08707591989284,2848.7371514991164,0,2,0,1,5,0
6,107.1843527745232,3657.77273335276,1,3,0,1,5,0
37,22.924728303455915,6015.728062010121,1,1,0,1,2,0
24,102.58167505647627,5244.0659205652255,2,1,1,1,3,1
46,32.88698674734452,5005.3356830796065,1,1,1,0,3,0
53,53.51188542591419,2883.76207821627,2,1,1,0,6,0
60,94.35082562916078,6747.435669369604,2,0,0,0,7,0
63,36.07598960483082,3823.1686224455,1,0,1,1,1,1
32,101.79670241190622,7834.929010319721,0,3,0,1,7,0
33,103.21341779577419,5109.7228925363215,0,2,0,0,2,0
67,70.74677337608362,1097.4914583595717,1,1,1,1,1,0
18,20.63858717168336,5441.802740395929,0,3,0,1,6,1
25,48.70381331749128,2668.3217219104217,2,0,1,0,4,0
54,81.69269183757422,5521.9848538201695,2,0,0,0,5,0
58,118.11861780274235,650.1650704830054,1,2,1,1,1,0
67,83.18135270166684,1481.563353690079,0,2,0,1,7,0
46,45.98035810641598,6860.3243453557125,0,2,0,1,5,0
24,83.40057030996114,1894.7185004857677,2,3,0,0,2,0
32,73.99853797158555,6712.624889419227,1,0,0,0,7,0
47,97.98453951511436,2306.2810987898424,0,0,0,0,4,0
23,30.69806388269584,5178.76708946379,1,2,1,0,2,0
66,96.1027902502028,5583.789530727665,0,1,0,1,4,1
27,74.12665786761103,4149.972549845918,2,2,1,0,4,0
2,116.29920038589947,2511.954345904177,2,3,1,0,5,0
17,54.187216603868606,1779.8905733316594,1,2,1,1,2,1
33,83.26218931339481,362.19590104316717,2,2,0,1,2,0
9,113.20281055100175,2501.176569801718,0,3,0,1,1,1
43,30.250972799067924,5259.986045197135,2,2,0,0,7,0
48,113.72284872364511,7512.608065743013,1,0,1,1,2,0
39,88.78857223008133,6982.515409878111,1,1,0,1,1,0
42,26.78370591051719,6151.91173462889,1,2,0,0,3,0
26,50.096356694681624,6328.73401170106,0,3,1,0,3,1
50,90.81720886452815,5353.380737460363,0,1,1,1,3,0
25,26.73506014687717,2156.2661747714237,0,3,1,0,6,1
24,78.21704601762733,7266.840742576056,0,1,1,1,2,0
13,54.588305695295674,5398.785264056089,0,1,1,1,6,1
60,82.0915517767477,4527.480984745475,2,2,1,0,7,0
7,24.574203381251284,976.8168067865005,0,0,0,1,2,0
57,107.15368061523763,3631.738796070761,0,2,1,0,1,0
36,117.3488969177397,3736.830342495218,2,3,0,0,6,0
45,116.88778552856915,6930.052515229093,0,3,0,0,6,0
20,94.96518317429248,4418.520939483529,1,1,0,1,7,0
65,33.0086240130632,3105.164336866236,0,1,1,0,6,0
8,95.82631959290225,7816.722595234209,0,0,0,0,4,1
16,22.45869164588015,974.6926872778938,1,2,1,1,1,0
14,22.212355152899725,3438.1325836643623,1,3,1,1,3,1
15,52.36102191495412,431.9949338541018,1,1,0,1,1,0
66,68.86431904046657,5945.24255405875,1,0,1,1,4,0
32,97.04074178077931,7352.80476237329,0,3,0,0,7,0
63,88.32953766065052,2312.2949034488665,1,1,0,0,7,1
51,64.59027063767483,6880.899246713055,1,3,1,0,2,0
25,47.362666628166586,2408.5240206489925,2,0,0,1,1,0
58,119.71245001577111,7295.0842769869305,1,0,0,1,7,0
63,62.6181302235973,6056.299038414593,1,3,0,0,6,0
62,65.13870243296755,6458.763537047365,2,2,1,1,7,0
22,36.36238211916692,242.25178924359054,2,3,0,1,7,0
58,99.48095487499293,7706.201820884805,0,1,1,0,7,0
58,89.36822257814886,5840.700837355554,2,2,1,0,7,1
49,42.07696127887604,2507.5336535504534,0,1,0,1,3,1
52,28.23810456158427,6652.217852384891,2,3,0,1,3,0
42,88.0499302074713,2324.0174674779464,2,2,1,1,2,0
70,85.45112142811352,6994.755332572411,0,1,1,0,7,1
15,47.32595269982093,989.3850842543025,2,3,0,0,1,0
54,115.08635622504103,5659.1192219402865,0,3,0,0,4,1
60,35.10578917809002,4371.5179654947915,2,2,1,0,2,0
8,63.23348010426019,862.6223145439824,1,3,1,0,1,0
53,114.36159201675989,2010.961243244828,2,0,1,1,7,0
60,61.97273169261223,197.99188659078683,0,1,1,1,5,0
5,83.85259476640856,3803.266927169596,2,1,1,1,7,0
68,59.75943979627943,2479.995560004003,0,3,0,0,3,0
6,47.421520234867,4827.0241259522945,0,3,1,0,4,0
47,118.39776479598282,2448.178680898076,1,0,1,0,6,1
55,60.9334006315043,2469.360980905179,1,2,0,1,4,1
40,109.40992036791344,5971.2262699796665,0,3,0,0,6,0
52,42.99546058910862,480.32840422899227,2,3,1,0,4,0
16,41.31047040250833,7232.870462016699,0,3,1,1,3,0
13,23.113408288451136,6832.884607690334,0,3,0,0,6,1
30,85.1666825375885,5375.6569974886115,2,1,1,1,1,1
19,56.852634372376116,4786.450403848336,2,3,1,0,6,0
17,106.4358249839637,7149.189735303253,2,1,0,0,2,1
63,67.32099066915572,1564.108418276844,2,3,1,1,1,0
19,116.81934279147217,723.856381307546,0,2,0,1,2,1
58,38.55255157031211,1992.130342285351,0,0,0,1,7,1
55,106.86231679556109,6377.168401731503,1,2,0,1,4,0
62,97.65968527917417,373.8951071392182,0,3,0,1,1,0
23,97.0921844644052,4704.173997159568,2,3,1,1,4,0
9,104.47832281168877,7963.956377911349,1,3,0,0,7,1
12,96.10239909429988,6859.999141316562,2,2,1,0,5,0
1,82.62203216314154,4219.420943444356,0,3,1,1,4,1
58,33.12448776823876,602.7631833644746,1,2,1,0,7,0
1,23.25261794912519,6667.850763647108,2,1,1,1,4,0
34,112.08478478156869,4831.930214599964,1,0,1,0,7,1
48,81.6650314520738,1007.9706767705779,1,0,0,1,2,0
1,99.65372909761763,841.472550104514,0,2,0,0,7,1
16,68.15223515125501,7286.05187354908,2,1,0,0,6,0
61,31.730818896239448,5386.682077210819,1,2,0,0,5,0
64,32.51857922025504,6651.365714602369,1,1,1,0,4,0
63,88.55652872289714,7043.933312229912,2,3,0,0,7,0
69,63.030589489946266,4617.001581181746,1,1,1,1,7,0
22,40.05247267003367,4187.826178864826,1,1,1,1,4,0
67,69.15945467414369,3500.3765415358225,1,1,0,1,5,0
26,26.420893707513407,2603.8780435498425,2,0,0,0,5,0
16,78.19714019143987,3533.308090783823,2,1,0,1,7,1
51,46.899340443509764,6213.649280268235,2,3,0,0,1,0
57,99.75591006371882,4855.195105019539,2,3,1,0,2,1
29,51.03619589235738,7150.933990643284,0,3,1,0,5,1
69,65.52201490818013,3602.702113595583,1,1,0,1,5,0
47,21.162053990810065,4896.0076718781565,2,2,1,0,3,0
62,27.24468877945589,5087.329669426711,1,2,1,1,6,0
69,59.24935564066848,4774.407582219972,1,3,1,1,5,0
16,67.99388347171235,5650.806807375579,0,0,0,0,2,0
48,80.00205481193038,1975.7244001609697,2,2,1,0,6,0
39,49.16625787093032,4147.673842611746,2,1,0,1,6,0
33,89.49818861265426,923.3759421859467,1,2,0,1,4,1
23,106.01223971892045,3137.6394883940193,2,3,1,1,4,0
10,97.98509888933498,3952.5698421079887,1,0,1,1,4,1
69,23.961882534835716,5252.5716504092325,1,2,0,1,4,0
34,68.05069472578289,7609.195315431008,0,2,1,1,3,0
52,30.493017841817487,4845.143425732012,0,3,1,0,5,0
10,44.204501586252746,5974.391937794822,0,0,0,1,4,0
19,118.66625932671465,4099.501870012102,1,0,0,1,7,1
58,34.24955429015132,5109.421847873017,2,3,0,1,1,0
1,69.88881534513561,660.3645074568101,0,1,0,1,4,1
69,81.81557343181191,2109.693488650591,2,2,1,0,5,0
4,90.2464970544104,2958.639436320596,0,1,1,0,4,0
16,75.96486834869141,3832.6975045514573,0,2,0,1,3,0
24,20.977084741918365,460.6250894688315,1,2,0,1,2,0
2,52.64613082439919,1206.1903706712096,0,1,0,1,2,1
32,71.77116433847114,2286.833031551316,0,3,1,0,5,1
24,28.786649914483334,7775.1082581183,1,3,0,0,7,0
12,55.06269312091808,2717.641356114101,2,2,1,0,2,0
50,23.320310879136656,3908.124359085452,0,3,0,0,2,0
35,27.857849715502073,1649.171930633304,1,2,0,0,1,0
33,59.69232762015961,4925.16256149857,0,3,0,0,5,0
33,33.271575404306034,2317.397402576197,1,2,1,1,7,0
61,76.75408482615582,1735.2413696635715,2,3,1,0,5,0
51,88.94649691372658,4180.923764723235,2,0,1,0,2,0
43,100.05866991090829,143.4958133673245,1,1,0,1,2,1
12,40.01502442448101,160.54585792888008,1,0,1,0,2,0
67,36.74825822590697,1830.6435919046764,1,1,1,1,6,1
65,30.456784033440027,390.098763756487,2,1,0,0,3,0
33,83.64302495436367,953.4034576324618,0,2,0,1,4,0
40,90.64757264869012,2776.9991297761376,2,1,1,1,3,0
43,23.158614482564204,6440.426868680522,1,0,1,1,5,1
44,113.62122462436898,4619.184282617477,1,0,1,1,1,0
29,25.19712836514724,4150.07503505569,2,3,1,1,4,0
13,74.12963353010704,2418.561703344161,1,0,0,0,1,1
12,90.90605194509165,7460.8543835192495,2,3,0,0,7,0
46,107.09691237460856,3236.418825773814,1,1,0,1,6,0
2,91.40869321324278,788.0328576865948,0,0,1,1,5,0
35,100.17280830697918,4974.82547733063,0,1,1,1,6,0
8,53.94501925428061,999.3233084651512,1,0,0,0,5,1
26,101.48251137465122,2827.2628281333673,2,0,0,1,1,0
34,28.011484638467515,4108.5543158706905,0,3,1,1,1,0
7,109.48166560605276,7006.357945012889,2,1,1,1,1,0
68,74.75923761537362,3999.0179846869373,1,0,0,1,5,0
58,101.72977699624937,5647.844251650147,2,2,0,0,2,0
29,65.23182845183001,7943.253028092656,0,1,0,1,1,0
36,84.35776951965249,1138.764047194055,2,1,1,1,6,1
21,72.64026609361132,2270.379051604204,2,1,1,0,7,0
36,93.15895217553319,3217.1509972214067,1,3,1,1,4,0
10,28.162998203058958,3432.442610456768,1,2,1,1,5,1
24,26.03520839905638,3347.0664945978115,1,1,1,0,6,0
64,44.71032340101465,7270.126920196783,0,0,1,0,3,0
49,35.95446801131884,5740.857891288166,0,0,0,0,7,0
36,107.17835665922017,4902.45119131656,1,3,0,1,3,1
24,41.92139873580443,2544.0444711159785,1,0,1,1,4,1
23,117.58652558191314,6607.944035348228,0,1,0,0,2,1
62,53.68957917711069,7644.978040731413,0,0,1,0,1,0
37,38.21179156886993,6587.46643214679,0,1,0,0,5,0
12,98.96985071424791,112.36433101263594,0,0,1,1,6,0
55,85.87077755008761,5127.570824448915,1,2,0,1,1,0
13,69.8195716453139,503.96951339259573,0,3,0,0,6,0
23,75.53635509376312,2135.0970406364027,1,3,1,1,5,0
30,91.92017782722638,570.2451327473963,2,2,1,0,3,0
17,42.84547413312987,4869.984078300163,2,2,0,1,1,0
62,119.63339160567419,5524.060316591594,0,3,0,1,4,1
13,117.4793162146783,1004.4523407206505,2,2,1,1,2,0
59,85.03256863469369,3132.327176055338,2,1,0,1,4,0
19,39.95424509291451,3704.268420748782,2,0,1,0,2,0
49,88.02282424312914,3015.518871911241,0,3,1,1,7,0
12,27.219840897917585,1056.097503833025,0,2,0,1,6,0
61,23.065250220580605,3409.687542481056,2,1,1,0,1,0
19,45.76828885112137,6034.306577686503,1,3,0,1,1,0
9,66.26229567393163,660.9605498127182,2,2,0,0,7,0
71,106.82725054083805,733.4221112470373,0,3,1,0,2,0
28,92.7169069766308,2902.6932055042753,0,2,0,1,3,0
52,94.2706521199981,7539.633121789508,0,3,1,1,5,0
16,62.54933344480754,5381.723909111021,2,1,1,0,4,1
69,54.59349925469629,5461.492657713262,1,1,1,0,7,0
12,57.10387629846027,2959.1679276191335,0,0,0,0,6,1
25,118.76495637360578,4789.920250547453,0,3,1,1,7,1
52,24.010919141248248,180.0363538191727,2,0,0,0,4,0
53,106.70314961224486,5125.1587666353835,1,3,1,0,4,0
23,77.86754085723935,7314.96688585227,2,2,1,0,6,0
16,63.86154191895905,4939.330399924072,0,2,1,1,6,1
57,92.52576604151365,7002.218888384125,1,0,0,0,1,1
39,68.66689414247028,5819.387138182141,1,3,0,1,4,0
53,107.34232380816606,1052.411489589153,0,0,1,1,5,0
42,110.07018640112585,7229.381127558149,1,1,1,0,5,0
58,62.17209268734554,624.9063704106215,1,0,0,1,2,0
39,47.682779723505156,4318.343033127334,2,0,0,0,7,0
14,79.23503285933623,1222.8832779683155,0,2,0,1,6,0
5,111.2363345616691,192.4822247741421,0,0,1,1,1,1
35,41.06621890056666,3434.0706550083482,0,3,0,0,5,0
18,82.29665835634827,2430.8215904678345,0,2,1,0,3,1
9,83.15602200925206,3939.403901001064,0,0,0,0,1,0
58,93.3113022415281,4659.879105202951,1,1,1,1,1,0
17,33.15676851272598,445.53867124068415,2,0,1,1,5,0
7,91.58249646820886,1071.7260314775906,0,0,1,0,3,1
46,110.9032520665641,4513.27493195836,2,0,0,0,2,0
13,37.968310887024195,2811.022090064,2,2,0,1,5,0
40,43.75433249238776,5860.470551640639,1,3,0,1,3,0
42,117.13950940416396,5253.1040238763235,0,1,1,1,1,0
9,38.097695270948975,6780.274467620264,1,0,1,0,3,0
50,105.4385093369579,5570.69333068688,0,3,0,1,1,0
27,69.22778564480348,3496.4555113821702,1,3,1,0,7,0
66,44.723107440317705,5416.436316916016,2,2,1,1,5,0
5,107.07499012725114,2275.5112766178063,0,1,1,1,6,0
29,64.53052550026655,2519.8766403478803,2,2,0,0,5,0
37,71.48173539296901,6332.982763374267,2,3,1,0,7,0
38,55.92333693997657,3626.7141795724992,1,3,0,0,4,0
8,79.29508514349274,6407.2046900949845,0,3,0,1,4,1
65,36.352387258502276,6597.136751979399,2,2,0,1,4,0
17,59.10815366517607,6874.742467524142,1,1,0,1,5,1
71,116.94123223352875,7341.418363145538,0,0,0,0,2,1
45,45.81334327011275,3504.7832420550403,0,2,1,1,5,1
4,85.67366645412922,2619.047864736997,2,3,0,0,7,0
36,52.51900642246949,4699.370098093499,0,2,0,0,7,0
70,97.34731256866006,3032.2621451572577,2,3,0,0,6,0
31,33.087366071834985,4848.48591772184,0,0,1,1,3,1
19,116.98210450785447,5674.128314886215,1,0,1,1,5,1
61,65.37895413836392,5538.399646087882,2,1,1,0,5,0
54,43.605046334646396,3058.9678074589588,2,3,1,1,1,0
39,27.349674733001265,1418.1955934201474,0,1,0,0,7,0
19,36.97579050875407,3501.1817738514396,0,1,0,0,1,1
39,71.97739485560177,1226.493738247079,2,0,1,1,1,0
67,53.70031764312863,7131.766577952086,0,2,1,0,5,0
45,102.88833658826094,2832.4319398290736,1,2,1,0,2,1
13,63.08875236618059,1320.232003064258,0,1,1,1,3,1
58,44.87142725876299,301.03730325543194,1,0,0,0,3,0
20,81.71449866040301,5201.996851663225,1,3,1,0,7,0
61,90.67772168854458,5131.528307892471,1,2,1,0,6,0
39,36.704190790094984,2790.772915992204,1,1,1,0,7,0
1,36.761921628831765,666.523921896443,1,2,1,0,2,0
3,23.667142693354297,3336.068269672333,0,2,1,0,2,1
62,93.64020150656405,2558.6182110008094,1,3,1,0,3,0
63,86.38045276218051,5449.253053906574,0,0,1,1,4,0
25,67.46308757498139,4885.656070676254,1,3,0,1,1,1
56,104.41704489691972,2980.290452760566,2,0,0,0,1,0
33,100.56701529500532,1821.3511786144218,1,2,0,0,3,1
38,78.53543643967521,7905.484132629175,2,1,0,1,7,0
6,106.82712805132586,3686.6128074493076,1,3,0,1,2,0
58,40.58412100367683,5537.366462663873,1,0,0,1,7,0
44,31.19196193977279,1210.3684438690502,1,2,1,1,6,0
45,46.97496115169896,3936.1586273092425,2,0,1,1,4,0
32,25.708685608931486,317.54008696877736,2,0,0,0,3,0
45,73.1169528001032,4093.095431492555,1,0,1,1,1,0
61,113.66056922949615,7715.737516229849,0,2,0,1,5,0
47,23.934354066850965,3135.233032587822,1,1,1,1,7,0
21,32.21099140100268,408.06849934180156,2,1,1,0,2,0
36,65.21990282834352,344.5507482628139,1,1,1,0,5,1
19,113.38750175279048,3165.095403580269,2,0,1,0,6,0
20,51.61561049767505,1364.196998059233,2,2,1,0,3,1
57,70.72348086883925,284.4815609926687,2,0,1,0,7,1
18,24.15728590503921,6074.087550206397,1,1,0,0,1,0
47,34.834320096208884,3722.331770166936,2,1,0,1,7,0
49,118.66301229588468,2385.033698583971,2,2,1,0,4,0
14,116.51186964360456,7210.657145830198,1,0,0,0,5,0
15,20.49399809344096,1017.4977855841523,2,3,1,1,4,0
31,115.18117854232389,7651.758748747022,1,3,0,0,6,0
1,83.91199378155004,2580.3370672810875,2,1,1,1,1,0
54,106.79182945200222,7118.389011238582,0,2,0,1,5,0
3,65.47398556338591,4863.248724187746,0,0,1,0,6,1
16,71.55960285792503,6630.9881419577505,2,0,0,1,4,0
57,68.88465802569202,7873.703989362668,0,1,1,1,4,0
12,86.68642575461044,2378.402958768091,1,1,0,1,5,0
16,33.96512547563129,7692.970334719985,0,0,1,1,1,0
24,22.997358987267795,3176.9069697291206,2,0,1,0,4,0
28,50.79299415911909,3145.544047421686,2,1,1,1,3,1
8,90.46807627366466,2789.058123610595,1,0,0,0,6,0
36,40.185345212294834,4377.120098045923,2,3,0,1,5,0
8,87.34324333249174,1317.745841110048,1,1,0,1,2,1
58,116.99120461072704,4474.320734328288,0,0,1,1,2,0
60,29.39007157894184,4379.468018039031,0,1,0,0,1,0
50,87.26021182251263,6119.024319578473,1,2,1,0,3,0
28,64.37502193045711,6685.834699306926,1,1,0,0,4,0
41,106.81422543775054,3579.48666746815,2,1,0,1,2,0
64,37.71497894473859,2488.4326698768004,0,2,0,1,1,0
27,89.26259522261645,2148.7456888050465,1,3,0,1,6,1
63,103.81152896481102,1637.5283099684882,0,0,1,1,3,0
17,114.46142194740233,555.4158993722966,1,2,0,0,3,1
33,88.32480282896458,2805.339032794235,0,1,0,1,7,0
29,69.71747640084273,2234.9567678331878,2,0,1,0,1,1
13,81.78472402012139,7734.697348344618,0,2,1,1,1,0
46,106.89049844787182,4505.899727375347,0,0,0,0,7,0
35,77.06097466388297,2843.4886083410097,0,0,0,0,4,1
6,23.038705969683686,4685.694047850198,0,2,1,1,1,0
69,113.09486955069778,1199.6539406309944,0,0,1,1,7,0
47,88.95267510315611,3607.945618697403,2,3,1,0,4,0
25,87.65133857772466,5047.251139226404,1,2,0,1,4,1
66,41.567515239771716,3962.292871160366,0,3,0,1,5,0
10,85.88854702326572,3274.0525251691615,2,1,0,0,3,1
56,59.386440565415846,7951.402272307616,0,0,1,0,6,1
30,85.12329770414921,7054.486620976523,0,1,1,0,3,1
5,30.659303030799073,5024.907069459577,1,1,1,0,3,1
33,85.7845304603036,4598.081153340034,0,0,0,1,5,1
65,119.94137257706666,5003.217790614214,2,2,1,0,4,0
18,24.821203886055603,1690.3656517972227,2,0,0,0,4,1
49,117.71741842213173,3221.588171788117,1,1,1,0,1,1
11,60.690796072287064,411.73030983810463,0,1,0,1,5,0
26,107.07534503372591,3856.813696145931,2,2,0,0,1,1
63,98.23854840582734,4389.894213265539,0,0,1,1,5,0
59,76.70162609866678,1899.2229152153557,0,1,0,0,1,1
27,93.84492092513266,7715.827892607558,0,3,1,0,2,0
49,107.8515561301348,7284.691426404212,1,1,0,1,7,1
33,60.4140321651033,5804.931560101656,0,1,1,0,3,0
1,52.70331615632387,4313.754367246364,2,2,1,0,3,0
21,86.75933855635847,6972.756361216711,0,3,0,1,6,1
55,100.78459419412586,1132.153516205357,2,1,1,0,7,0
6,96.22851347766158,6345.027374771591,0,1,0,0,4,1
69,99.78136488586345,1086.0844303381016,2,3,1,0,6,0
5,63.5583314812933,6374.2642341403025,2,0,1,0,2,0
3,101.78342161750216,2278.56378918572,0,0,1,1,6,0
53,32.02090553706084,7029.015590043692,0,1,1,0,3,0
23,74.44890979608495,7557.932541220643,2,1,0,1,4,0
53,20.575866049812156,1275.4881583004135,1,0,1,0,2,0
37,52.45858299002703,3755.1372800166087,0,2,1,1,3,0
17,56.646153487139784,7849.800287485213,1,3,0,0,7,0
1,59.61726916092554,3918.9187441878585,0,3,0,1,1,0
51,89.54672066898621,6922.025427864906,0,2,0,0,5,1
45,58.85581012703457,4750.979024837427,0,2,0,1,2,0
4,64.86936226225306,3065.106272564855,0,2,0,1,4,1
62,43.754413087432745,2357.6900886543744,1,2,0,0,6,0
65,57.325179162934006,1705.4624195800895,0,2,1,1,7,0
32,42.72696272631515,6118.205711883808,2,2,0,0,6,0
34,27.319592376844362,3153.67000390192,2,3,1,0,2,1
39,80.3448593381378,4139.076151385934,1,2,0,0,7,0
26,86.82127985550163,3989.371292009337,0,0,1,0,4,1
34,81.94903460096145,4660.504330941737,2,2,1,0,2,0
54,66.34940438005724,6938.059450433962,1,2,1,1,4,0
3,57.978578017922985,7847.840814309092,0,3,0,0,6,1
50,106.33336495718252,3319.915247733154,2,3,0,0,3,1
12,71.9081785136218,6637.3994846397945,2,2,0,0,7,1
65,67.91818776297309,6139.769577772269,1,3,0,0,1,0
54,22.564206580643567,4630.878716499029,0,1,1,0,3,1
5,54.12478276261564,7652.772434534271,0,3,0,0,1,1
57,58.019561878585705,1683.748672674382,2,3,1,1,6,0
17,59.88227808969005,963.1872614460092,2,3,1,1,7,0
47,78.01723692273323,6846.299538947835,2,3,0,0,3,1
23,73.36025467268784,3569.2835514066114,0,0,0,1,3,0
14,80.79050927934446,6791.053948235778,1,0,0,0,2,1
66,96.48832615421283,7155.412621043778,1,0,1,0,5,0
51,101.29857387160935,593.4149895906644,0,2,0,0,6,1
38,91.81230762264944,7079.37162758988,1,2,1,0,4,0
64,115.55236959549347,3641.720537418435,2,1,0,0,6,0
38,21.823258267636163,4132.416663133435,1,0,1,1,4,0
50,39.57779856835461,5050.080837636361,1,2,0,1,7,0
30,20.756287497814213,7418.422593167686,1,3,0,1,4,0
51,84.7474714154603,251.01714599513585,2,3,1,1,1,0
63,109.8030548949987,3867.063399710755,0,0,0,0,4,0
52,44.34822965762993,5533.00413520143,2,1,0,1,4,0
38,112.70345447963066,5809.384965816005,0,1,0,0,2,1
30,26.026739028956086,5571.006209143153,0,3,0,1,3,1
51,113.44360268055144,1162.0375223241626,0,1,0,1,6,1
5,55.16226872396344,2465.225148136282,1,0,0,1,6,1
29,30.142082844921653,2933.852650794406,1,3,0,1,7,1
4,68.58717591863257,6455.053940668089,0,2,1,0,7,0
10,45.677656772050796,2302.2029920749687,0,2,1,1,4,0
56,48.48729019619228,1764.569214550905,1,1,0,1,5,0
17,50.72899649262866,7663.83935040096,2,3,0,0,6,0
17,100.30258978326634,170.0199523964043,0,3,0,0,7,1
69,73.91612766752544,7982.784759887628,2,2,1,1,4,0
34,51.13076991560037,5446.8882609734255,1,3,1,0,7,1
6,81.03337833109184,6644.907465648025,0,3,0,0,1,0
53,91.61506742231936,2427.493231134926,2,3,1,0,1,0
66,47.262400073353376,213.09069356977383,2,1,0,1,7,0
43,61.354910152535155,5929.169196636088,2,3,0,0,1,0
23,32.18860933369476,6689.742316305339,1,0,0,1,7,0
55,38.11493495346803,5949.761442432801,1,1,0,1,4,0
16,88.11178539649828,1228.517269676625,2,3,1,1,2,1
8,38.143834769562694,6052.0805858300555,2,3,1,1,5,0
4,72.51633836670602,6174.489978650364,1,0,0,0,4,0
4,90.90462617224327,5302.470073793434,2,1,1,1,2,1
56,30.687692309474382,6152.315869085131,2,2,1,0,2,0
25,76.73122196289036,6782.779373454084,1,2,0,1,6,0
67,45.65627837013638,4947.472502475922,2,1,1,0,4,0
67,116.29268752375798,799.9772403604646,2,3,0,1,4,0
27,68.35456467199248,3952.2596963709657,2,3,0,0,7,0
32,100.59925497751581,713.42974390568,1,2,0,1,2,0
50,75.02265421562618,3319.5899451562036,2,2,0,1,2,0
61,24.341253285481915,3316.141264092458,1,2,1,0,2,0
51,83.31513755940223,621.4777687079085,1,0,0,1,7,0
19,115.14033422066571,2855.6822183588865,0,2,1,1,6,0
21,80.16118201463311,976.8849804513873,0,0,0,1,4,0
5,101.91888594267903,6485.058159072855,2,1,0,0,2,0
42,108.42064633484078,7586.735405119319,1,3,1,1,1,0
61,42.80797719489325,671.300154537715,0,2,0,1,4,0
22,41.204483990822666,7645.410137604441,2,3,1,0,7,0
21,81.09809888509918,4228.355134760287,0,3,1,0,6,0
70,61.10284698067047,2466.5688558356037,0,2,0,0,1,1
1,103.98613028667204,707.2103946816917,1,2,0,0,7,1
5,110.00231233980112,4054.9317177563007,1,1,0,0,3,1
12,55.34213793027181,6376.672801476914,0,0,0,1,4,1
46,43.687055897448204,5685.983170406916,0,0,0,1,3,1
34,98.05255152438619,496.7854905653927,1,3,0,1,7,0
49,47.48060355481361,675.9244994064377,2,2,1,0,7,0
45,102.26143185136785,3282.698932797833,1,1,1,1,7,0
27,62.37382536487628,2432.794902978752,0,1,0,0,2,0
26,86.75498992914704,1935.836152142778,2,1,1,0,6,0
47,29.55353138346682,2319.9355413788376,0,1,1,1,2,0
56,82.3859324676573,6447.513672045388,2,1,0,0,6,0
63,65.17676787372291,7440.901623691646,0,0,0,0,5,0
48,78.66084631754741,3300.3112867677746,2,0,1,1,2,0
61,36.801420774486346,7258.276916846727,2,0,0,0,3,0
26,93.68737449441821,2639.8160398582677,0,2,1,0,6,0
36,106.27970775432286,3863.8521921159536,2,3,0,1,2,0
1,41.67398000907757,1885.629082746398,1,1,1,0,4,1
8,29.57145555201617,5159.760733189168,0,2,1,0,7,0
52,22.36385860463364,7833.95080988099,1,1,1,1,6,1
47,84.1971500443266,4867.595458742691,0,0,1,1,6,0
56,80.70940360887808,2926.731264497036,2,2,0,1,2,0
14,74.669741271407,5217.757823325174,2,0,0,1,5,0
28,43.19470961159754,1071.0733598765619,2,1,1,0,2,0
2,59.09059959055147,7120.406734096649,0,1,1,0,3,1
26,79.44763351861731,4074.363211160707,1,3,0,1,3,0
14,69.67668588591694,3649.862962113172,1,1,0,0,6,0
59,118.77855202148874,4728.3318287828015,0,0,1,0,6,0
56,33.64397525567331,5035.792516036279,0,1,1,1,2,0
7,89.51445540475937,667.028869189453,1,3,1,1,3,0
3,60.431876810429216,5492.676047664879,1,3,1,0,3,0
23,62.819961492561475,2011.2602744926837,1,0,1,1,5,0
18,91.75977656581762,5740.225796802059,1,2,0,1,4,1
38,89.24361513243696,6598.024875635154,0,1,1,1,5,1
15,119.12559937021884,6451.27220966491,0,3,0,0,1,1
64,32.83942894541252,4464.757642522324,2,1,0,1,7,0
28,30.410964938416633,4209.342149254934,1,1,0,0,5,1
39,92.43388171287411,1228.7200945813527,2,2,1,0,2,0
57,77.83869170064091,6225.234588184771,0,3,0,0,4,0
17,47.416066655980586,2244.1341055290436,0,1,0,1,2,1
44,27.94193689889866,4023.8938402617778,2,3,0,1,7,0
25,28.565824959643052,2345.765334127382,1,0,0,1,1,0
17,109.41908746641182,1157.2440676975757,1,0,1,1,4,0
13,39.18673247187429,5073.505805444719,1,1,1,1,6,0
25,52.33715621155208,529.2230751009403,1,3,0,0,3,0
68,42.665640222698805,6014.29734959698,2,1,0,0,5,0
10,55.49963058319373,2608.9356825628215,2,3,1,0,2,0
67,26.94238427460934,101.06407473543403,0,3,1,1,1,0
18,71.90597909082703,4137.920199974115,1,2,1,0,3,0
34,26.76125635922149,470.1300773680647,1,2,0,0,5,0
8,100.03565078223616,2281.7395067851057,1,2,1,1,3,1
40,43.3712081910433,5685.1142509001575,2,1,0,1,5,0
42,74.00119146045105,595.2480108127403,1,2,0,0,6,1
41,108.00790875614582,6730.774089612419,2,2,1,0,4,1
6,85.08773690471942,130.17738900280656,1,0,0,1,3,1
52,73.29577865513353,2049.9085666950277,1,3,1,1,3,0
26,52.43337531153756,5953.142043601364,0,3,0,1,3,0
64,53.300191305819794,2598.5341828615237,1,2,1,1,4,0
59,86.94869551981901,904.9498657215069,1,3,0,0,1,1
56,119.41393612211675,2945.8479585233804,0,0,0,0,5,0
59,86.18391898493786,2236.106962437752,2,0,1,1,6,0
70,75.77834173700249,6757.424027068384,2,2,1,0,3,0
33,93.06505102392461,2575.448548922631,1,0,1,0,7,0
53,66.52056122837182,6332.566527030457,2,3,1,1,4,0
22,26.01423426007852,7145.789944004804,1,1,0,0,1,0
21,76.22968158779098,3527.157614654583,0,3,1,0,5,0
70,115.76252845053801,7288.550836449697,0,1,1,0,4,0
70,37.530294235765965,3080.8126263092236,1,2,0,1,6,0
4,89.00048908206658,7716.219490271855,0,1,1,1,6,1
62,40.093368865905646,805.3872437520262,0,0,1,0,5,1
62,73.58276844730813,5527.452205375617,1,3,0,1,3,0
24,29.66764496467196,4001.1309196097363,1,1,1,1,6,0
55,65.03709362581851,3162.4255630996117,0,3,1,1,1,0
9,95.61633288952461,5098.423842113947,2,2,1,0,4,0
3,54.757152423898205,5660.471023911216,2,2,1,0,1,0
31,86.4911724487218,134.46983023744178,1,0,1,1,3,0
40,99.54499607897291,1418.9294011028699,1,2,1,0,1,0
36,112.71778194794527,5733.063800011118,2,1,0,0,1,1
24,43.46420818554535,5364.444767267831,0,2,1,0,2,0
6,59.931591580930814,7731.77529051655,2,0,0,0,1,0
66,35.24160133304174,6112.198542981186,2,3,0,0,5,0
4,119.24835021583752,7611.104391077571,2,3,0,1,4,0
6,112.70009679242953,5650.069962124975,2,2,0,0,2,1
51,73.99571302805596,2454.612448251601,1,1,1,0,4,0
62,104.20332943764213,932.3828857817662,1,0,1,0,4,0
57,72.09579772720421,6276.408520424991,0,1,1,1,3,0
66,82.35856880027598,5188.778849659736,0,0,0,1,3,1
8,28.912443211601662,480.66949790704024,0,2,1,1,2,0
26,95.52704204968079,2944.398680617729,0,0,1,0,6,0
51,32.77134836352348,7658.718542325861,2,0,1,1,7,0
45,102.60676302525283,4053.16905111059,1,2,0,1,3,0
44,98.20280876703859,3518.560174555667,1,1,0,1,7,0
5,90.87446977429764,3715.8268807584222,0,2,1,1,3,0
70,23.616038052476213,1750.1735196407933,0,0,0,0,3,0
26,50.312835594532864,3012.786649831882,2,2,0,1,4,0
68,46.311256991084285,3021.5247222986955,2,0,1,1,2,0
19,56.01364074715191,513.604659481032,0,2,0,0,4,1
20,28.764274676383856,6163.784265291554,1,3,0,0,5,1
12,113.69578230310628,3390.385012040644,1,3,1,1,4,1
47,75.38022407123762,6595.221105849744,1,2,0,0,7,0
1,50.55243106580235,6817.749208847174,0,1,0,1,7,0
14,59.698151707428345,1774.7530321193988,1,0,0,0,5,0
64,64.72025405048356,5293.092509144016,2,3,0,0,1,0
38,80.05943333606173,3831.0262528875555,2,1,0,1,1,0
37,71.56794276964978,7053.238229579732,0,0,0,0,5,0
11,111.93919732144174,1804.3513654939875,2,3,0,1,5,1
3,69.69634829058303,5454.72428244935,0,3,0,0,4,0
33,119.21580148233127,4901.241765796508,1,2,1,1,5,0
6,105.14249577450957,2432.881672817479,1,0,1,0,2,0
50,40.85105143573358,1179.1471388442637,1,1,1,0,1,0
10,113.05952146439162,5247.954107770485,2,1,1,0,1,0
5,31.63663978854761,5934.9199192454125,0,1,0,0,6,1
23,101.74497084911916,2593.456015730465,1,0,1,0,5,0
10,58.06232934765801,5194.177571776279,0,1,1,1,3,0
44,107.79743204450695,3221.5341701308757,1,1,0,0,3,0
2,106.80566901074504,5734.33437793268,2,1,0,1,5,0
13,100.59254001176211,1673.8006716630196,2,2,0,1,2,0
40,99.00304363070614,7132.698520825777,0,2,0,1,3,0
2,50.46791390980408,2370.5358120780797,2,0,0,0,6,0
65,28.09192830512522,3005.509303273608,2,0,1,1,7,0
63,60.29801787651615,558.9264214347633,0,1,0,0,5,0
17,37.352451498650865,980.9464773380835,1,2,1,1,2,0
9,89.49510889024617,4175.309031427392,2,3,1,1,2,0
15,54.609972653778556,2213.9821461509746,0,3,0,1,4,0
24,117.56102008599149,6700.293783363336,2,1,1,1,2,1
38,84.0972077345332,216.07777037413535,2,1,1,1,3,0
35,102.24805636343609,3094.842984508296,2,2,0,0,7,0
49,33.252467274184845,2765.029819475832,2,2,1,1,3,0
69,106.20144822726226,252.68828424904817,0,2,1,1,5,1
62,112.27571905133944,1082.5103521040307,0,0,1,0,7,1
60,68.70619188189359,3367.7771318572186,0,0,0,0,5,1
50,80.62529377509775,3993.6302171348284,2,1,0,0,2,0
9,96.48098009029954,3293.8890033134658,2,0,0,1,6,1
34,37.48386272604125,4294.407659455541,2,2,1,1,1,0
35,70.25660764634424,4801.540231754884,0,2,0,1,7,0
1,59.86630277723131,178.39818690990148,2,0,1,1,4,0
40,34.637399216224914,3766.3517596826805,1,3,0,1,1,0
64,56.753442229153144,7711.6440030119475,2,1,1,1,2,0
22,26.817230938549358,4200.355013023435,1,3,0,0,2,0
60,22.5811906949487,5452.58391292573,2,1,0,0,1,0
64,33.51662891548228,2563.7244775433774,0,3,1,1,4,0
11,116.31151115891738,6214.531887406824,2,0,0,1,7,0
14,74.9529535895017,6206.07970682131,1,1,1,1,7,1
60,116.582216115322,4218.238776467698,1,1,0,1,1,0
30,63.2497878330132,7810.509203905787,2,1,0,1,5,0
35,51.181613308525954,1091.8466966249616,1,2,1,0,3,0
37,70.61418628402441,233.88655262768984,1,2,1,0,6,0
5,63.95116886329101,6184.249872881058,0,3,1,1,5,1
26,30.566468426174392,6476.5287451825725,2,0,0,0,7,0
62,84.08263146902063,1049.6371100525523,2,2,1,1,3,0
4,41.60381825095996,2198.104380372988,2,1,0,1,6,0
42,81.95879548978296,238.66367059636838,1,2,1,1,6,1
18,85.02010923981534,2417.138025166461,2,0,1,0,6,0
40,35.20248531286481,6207.820803957505,2,2,1,0,2,0
39,26.134962711066816,4191.888168929374,0,1,1,1,6,0
14,98.07615860684398,2849.955186029476,0,3,1,0,4,0
32,65.98004237693202,3036.740429760009,0,1,1,0,1,0
51,25.81637955054758,110.69364315219842,1,0,0,1,7,0
38,119.48663171697672,2468.4241677653636,2,3,1,0,4,0
23,25.778056099636665,5207.024058939651,0,2,0,0,1,1
63,89.50352288585532,7796.136106149222,0,2,1,1,5,0
15,118.36789252634136,6791.780533172806,0,2,1,1,5,1
25,43.91801042159256,286.4002206996801,2,3,1,0,1,0
17,34.22493686871962,7198.628776931231,2,1,0,1,4,0
66,32.13849394224289,6287.267465059145,2,3,0,0,1,0
53,50.327514756759555,6264.971376210745,1,3,1,1,6,0
51,30.104581101064667,3718.1664961282145,1,0,0,1,2,0
39,89.2161341694132,3244.241814340572,0,3,1,1,7,0
51,26.22917981300627,2493.0342577822216,2,2,1,1,5,1
70,70.94221281497897,618.9893857394896,0,1,0,0,7,1
6,119.66968538529768,1903.059371600223,2,1,0,1,2,1
67,101.39702695060188,2048.1687163263946,2,1,0,1,6,0
7,81.52194382310108,3924.2088507105927,2,2,0,1,6,0
51,50.62536207866117,6004.810812113882,1,2,1,0,5,1
42,82.38958362916385,3843.097644343778,1,2,0,0,5,0
64,72.70414639116517,556.9711506325688,2,2,0,1,6,0
15,62.60833838903715,7666.539427806811,0,2,1,1,3,0
29,33.07103767401995,7547.522120843487,2,3,0,1,7,0
33,108.66042152404667,6302.997390872426,2,2,0,1,2,0
27,64.97846488213226,7931.490422357342,0,2,0,1,7,0
36,39.46225118207651,4401.410429122077,2,2,0,1,2,0
29,56.77593508772896,7705.869967000328,0,2,1,0,3,0
38,61.4129752528927,697.2798208723311,1,1,1,1,4,0
57,102.75378955668742,2988.8779112648335,1,2,0,1,2,0
27,93.3614380561402,1880.51201725345,0,3,0,1,7,1
55,96.93048936413398,1647.0813646607332,1,3,1,1,1,0
33,21.10312644286472,1212.343296252141,1,3,0,1,6,0
68,61.615399817976154,5017.067768371374,0,0,0,1,6,0
66,68.13441516353237,6272.44266040371,1,1,0,0,3,0
10,21.919227682305667,4668.5573554208495,2,2,0,0,2,0
5,45.981320874503425,1261.0054057468565,2,0,0,0,4,0
38,96.0289823122135,6507.87778247442,0,2,0,0,2,0
13,33.7109705728999,5124.042186593455,1,0,0,0,6,0
31,73.53101314525917,3166.5090784032645,2,0,0,0,5,0
47,41.52018720172375,5425.629334734897,2,3,0,1,1,0
52,21.212077464389328,2153.2493360183794,1,3,1,1,3,0
56,44.12014575995415,2827.018447104263,1,0,1,1,5,0
15,117.58737549100537,7348.138160742723,2,3,1,1,7,0
29,100.15371118829896,2394.985594804221,2,0,0,1,4,0
8,115.95766443210334,3812.9073184476993,0,1,0,1,5,1
5,68.78540439263624,7132.114985428516,0,3,1,0,7,1
29,30.97361986775035,5690.998667113467,2,3,0,1,5,0
47,74.7959488973693,591.4054867011517,0,3,1,0,4,1
68,65.43773345599608,1263.6940498038657,2,1,0,0,5,0
45,104.4357082739616,161.94856709814286,2,0,1,1,3,0
2,29.80825807842446,5084.282142810391,0,2,1,1,6,0
27,68.82411370217781,3636.6200607423048,0,3,1,1,2,1
36,35.00486646939842,1160.7713221279766,1,0,0,1,5,0
36,52.467592689006,7667.679556348487,1,1,1,1,3,1
26,93.73570773877996,4284.311819170397,1,2,0,1,2,0
43,67.60181293687666,2010.9570234918244,2,3,0,1,7,0
27,57.58882851457693,4054.7682121221897,0,1,0,0,2,0
69,59.44762785700353,5469.000628607351,2,1,0,1,7,0
20,65.94467684059866,702.2898219911593,0,2,0,1,5,0
11,98.50165438370568,2270.1601388783465,2,0,0,0,3,0
38,109.20846889402344,6475.02737798355,1,3,0,1,6,1
6,115.53346865039283,3731.3524761810236,1,3,1,1,5,0
23,98.6903386255295,4417.95942205513,1,0,1,0,7,0
47,51.54068957480127,3519.246417454807,2,0,1,1,4,0
46,88.81347060865421,446.8095468797404,0,0,0,1,2,0
12,63.760312405539196,1409.4232605792317,0,2,0,1,5,0
13,45.46706220460512,3619.7789460609383,1,2,0,1,7,1
62,104.08715794259226,1752.5651767226298,1,3,0,1,2,0
60,23.8426348962325,494.83432641146203,1,2,1,1,7,0
43,110.17619921354235,6764.832346009407,1,1,0,0,3,0
68,66.14774646247342,7851.420980396515,0,3,1,1,1,0
5,83.72014768082805,6365.828704574242,2,2,0,1,5,0
37,85.93539222057827,6844.90088146687,2,0,1,0,6,0
31,109.51177407065364,2011.6193295046585,2,1,0,0,5,1
9,83.66696821672073,7688.953106554278,2,0,1,1,2,0
51,81.39335847600617,1655.7130651820842,1,3,0,0,3,1
29,26.665204056068998,7616.295501858475,1,0,1,1,7,1
40,71.8408021945204,7959.0724223310135,1,2,0,1,4,0
41,35.016900081704165,5722.610165393785,2,2,1,0,6,0
11,93.74337687214856,7851.035481155393,1,3,1,1,3,0
23,71.22219208126745,4599.364258580119,1,0,0,1,5,1
1,88.02277792083532,2150.3800870911136,0,3,1,0,4,0
46,24.167290060238425,3552.267496758405,0,0,0,0,3,0
21,28.47920160458032,4789.131389492409,1,1,0,0,1,0
36,91.63233880626822,677.3443400134184,0,2,0,0,6,0
54,27.208433599867337,5016.511790476244,0,3,1,1,2,0
57,27.12567277652586,7851.304910422126,1,1,1,0,3,0
1,21.210847523488745,1601.8504332914483,1,1,0,0,3,0
63,115.65013982994802,6361.501418678228,1,3,0,0,1,0
54,93.75083594590069,7272.400470858993,1,3,1,0,5,0
55,55.32514085020642,7555.242583279744,2,1,1,0,7,0
40,49.653558128765525,7685.071274803033,2,0,1,1,7,0
15,54.97032297458495,4219.531145899628,1,1,0,0,6,0
21,97.46535311811819,7820.732473132879,0,3,0,1,6,1
47,86.13706110704143,6082.750636362067,1,1,0,0,2,1
53,38.51955678674679,1377.204346271999,1,0,0,0,3,0
9,37.41093353340843,3867.510841096963,0,2,0,0,4,1
52,29.839564971339733,5774.816285438831,2,2,1,0,3,0
57,86.03027197013381,2053.9884949707584,1,1,0,0,7,0
26,96.43726622217359,5160.85995003621,1,0,1,0,2,0
41,46.5046428325004,5366.143784468292,2,2,1,0,3,0
35,22.09449610309128,1385.3279760876705,2,1,0,0,1,0
63,28.217166747642736,4564.173968376775,0,1,1,1,7,0
25,116.78600348450304,6195.852596731001,2,0,0,0,3,0
38,49.54447774774203,4041.275749833941,2,3,1,1,3,0
2,96.92231478381336,195.61462253124867,2,1,0,0,7,1
7,82.46635688542638,171.4039057264082,0,3,0,1,4,1
34,58.19396396528959,2920.5318173630963,2,3,1,0,7,0
17,40.56872621955551,7416.933140611078,2,2,0,0,1,0
43,32.138641815940645,1906.5465588685092,0,3,1,0,1,0
59,81.50129680388666,5111.473142086328,2,0,0,1,3,0
51,97.4633780637788,1854.3993784772326,2,2,0,1,6,0
54,84.39042535411306,2641.1929183104344,0,2,0,1,4,0
24,73.03021332491583,6799.5325078517235,1,2,1,1,3,0
25,24.195122343163625,5858.00539393258,0,1,1,0,7,0
71,116.84887775943838,853.654290774364,2,1,0,0,3,0
52,99.87141916545745,3486.7459657928257,2,3,1,0,2,0
70,49.28220367009647,330.4411327975893,2,2,0,1,2,1
33,117.99703293588506,3899.032158163771,0,2,1,0,6,1
49,80.1881589636322,5333.228692438438,2,0,1,1,4,0
29,78.24226582072465,1036.1707264253973,2,3,0,1,5,1
63,94.8073179429532,2382.191017382409,0,0,0,1,2,0
22,101.17697880901376,3242.9093414670397,1,3,0,1,5,0
26,85.64786073315027,7364.295094782793,1,3,0,1,1,0
28,32.80957463662,7946.7146218414155,2,1,0,0,2,0
49,53.82675059944984,454.79926206536527,0,1,1,1,2,0
71,112.80836403260497,6111.962595613597,2,0,1,1,4,0
49,42.46156118438519,3036.6201245785114,0,3,0,0,6,1
20,57.21670238375133,3200.4196712128924,0,2,0,1,5,0
63,63.2076882944196,6058.6932894414795,1,1,0,1,7,0
61,63.940498969445215,7355.568813948728,1,2,1,0,2,0
49,81.29395824945256,7612.335896570133,0,0,0,0,2,0
71,114.30758377447076,4659.2684297027345,2,1,0,0,4,0
1,44.06927118325049,2921.257158473972,1,1,1,1,4,0
13,32.150137630091805,6321.6377782843565,2,3,1,0,6,0
51,39.74704898599373,2082.9109277721723,1,0,1,0,5,0
56,108.69249002092695,4556.18482778479,1,3,1,0,1,0
62,84.5810812655206,2932.769846046498,2,1,0,1,7,0
32,48.590678923916016,5287.385482292221,1,0,1,0,6,0
30,101.59469389686173,1999.1514118587045,1,1,1,1,1,1
29,106.1369996363436,1613.5842713051236,2,0,0,1,3,0
49,104.6514338690278,7354.088784735953,1,1,0,0,2,0
45,111.89265336395545,904.2490953013415,1,2,0,1,5,0
30,45.22410201733616,4097.06747110596,1,2,1,1,6,0
16,95.50419287462783,1844.7369854077704,2,3,0,0,2,0
40,66.05394972741401,407.5467102727728,0,2,1,1,5,0
19,104.19985528900615,384.5486645022685,2,1,1,0,5,0
18,92.84906771616131,1484.251999636036,0,1,1,1,5,1
1,97.64474464997247,6947.485800597402,1,2,0,1,2,1
47,85.61618376810715,2331.5820774185104,0,3,1,0,6,0
66,37.74287694697069,7608.627447544836,2,2,0,0,7,0
38,74.50269188969384,4694.816114614629,2,0,0,1,4,0
51,118.46697395245081,3549.252099173252,1,0,0,1,2,0
63,113.73880664971189,4682.701793888691,0,0,1,0,5,1
4,24.31737357970117,4181.917243287516,1,2,1,1,6,0
1,36.481481572943714,6094.332404682868,1,2,1,1,7,0
8,33.17287734545619,2331.718921185533,2,2,0,1,3,0
29,92.59799099852955,2889.098093642389,0,0,1,1,1,0
55,101.77853298569451,7163.344990012681,0,3,1,0,5,0
3,41.35113663106719,7577.006453888203,0,1,1,0,3,1
32,70.5852692951829,7151.209997143149,0,2,1,0,4,0
10,104.07030280112,3413.6391522627773,1,3,1,0,7,0
34,93.28015447662506,6264.887473754366,1,1,0,0,7,0
55,74.22372054918483,3863.0522930786806,2,1,0,0,5,0
32,79.03476904587728,4030.5648319542074,1,1,0,1,7,0
50,70.836054691628,1716.9728615525432,1,3,0,0,3,0
7,49.75484513188206,4769.92939574228,2,3,1,1,5,0
8,76.50219928590161,1570.4735922514487,2,0,0,1,2,0
65,88.88853020500906,2719.361122630831,2,3,1,1,6,0
57,107.33229158608077,6854.738592797487,1,3,0,0,3,0
67,83.62913539792481,1735.8988927657563,1,3,0,1,6,0
59,96.1121537043158,662.1504528701192,2,1,0,0,2,0
54,36.0071634954573,645.1599816412488,2,2,1,1,2,0
67,66.15574744197899,7532.1977119745525,2,0,1,1,6,0
51,20.93316198270933,4104.671459898494,1,2,0,0,3,0
8,44.6678864521623,3334.3553673544448,1,2,1,1,6,1
34,92.64617151130048,6505.940789962556,0,3,0,1,6,0
35,119.18099513493634,6703.0248304930765,1,0,0,1,1,0
32,29.91780995872159,2724.3091616132765,1,2,0,1,3,0
